,Sentiment,Post
0,Neutral,If Trump was present during various Historical events how would he tweet about them
1,Neutral,Donald Trump was asked what the J stood for in Donald J Trump
2,Neutral,Trump claimed 20 professional climbers tested the border wall and could not climb it here is a climber on a replica of the Trump Border Wall climbing it in 27 seconds
3,Neutral,What do you get if you cross Bill Clinton and Donald Trump
4,Negative,Found a MAGA hat at a Gas Station in Colorado weird blue state
5,Neutral,Trump thought Turkey was bluffing and would never actually invade Syria report says
6,Positive,The G7 is going great
7,Neutral,Megathread Speaker Pelosi announces House to launch formal impeachment inquiry
8,Negative,Megathread Donald Trump met with boos and lock him up chant at World Series Game Five
9,Neutral,This 60 year old edgelord
10,Positive,Respectful Gays Vs SJW C cksuckers
11,Neutral,Thank You Mr President
12,Positive,Democrats Are The True Racists
13,Positive,Keep America great
14,Positive,Happy Veterans Day to all the brave men and women who have so selflessly served this beautiful country
15,Neutral,Reddit Is Censoring This Photo Of Hong Kong Protesters Waving USA MAGA Flags Beijing Controls Reddit
16,Neutral,They will never take our country from us
17,Positive,Saw this gem on the way to the airport Love it 2020 Trump
18,Neutral,A Quote For Conservative Minded People
19,Neutral,James Comey If Trump Is Re Elected Am Leaving America
